{
  "model_type": "sklearn",
  "feature_names": null,
  "metadata": {
    "train_accuracy": 0.991,
    "feature_importance": [
      0.43832023705771306,
      0.4446649822219714,
      0.014774726275552954,
      0.008612017477561445,
      0.018553499861901097,
      0.015222166434138018,
      0.01577140470538441,
      0.017282466959047123,
      0.011999865420535522,
      0.014798633586194803
    ]
  }
}